Rank,TeamId,TeamName,LastSubmissionDate,Score,SubmissionCount,TeamMemberUserNames
1,16798949,"Chris Deotte","2026-09-04 18:15:38",0.94672,2,cdeotte
2,16822208,"Jasper Dekoninck","2026-09-05 18:28:21",0.94653,16,jasperdekoninck
3,16822665,Leo,"2026-09-06 11:13:02",0.94653,20,nanaresudo
4,16803825,"Laura Liepa","2026-09-06 17:29:26",0.94652,46,lauraliepa
5,16799012,"Don Mani","2026-09-05 13:54:31",0.94650,15,donmarch14
6,16798625,haya,"2026-09-06 10:47:08",0.94649,19,yhay81
7,16798852,"M & M","2026-09-06 11:56:01",0.94649,22,"mahoganybuttstrings,masayakawamata"
8,16798784,yalpha,"2026-09-06 17:47:07",0.94647,43,yusukeimura
9,16799914,tomasa2,"2026-09-06 17:52:35",0.94647,26,tomasa2
10,16800007,Rapha,"2026-09-06 16:41:12",0.94645,12,raphaabels
11,16802221,"Maher el Ouahabi","2026-09-06 12:35:43",0.94645,41,maherelouahabi
12,16826356,"Pablo César Ruíz","2026-09-06 08:11:37",0.94644,7,pcruiher08
13,16843730,"Kaggler Sergio","2026-09-06 13:01:41",0.94641,1,kagglersergio
14,16831827,"nick gault","2026-09-06 16:38:54",0.94640,16,nicholasgg
15,16840935,miki,"2026-09-06 15:49:16",0.94638,10,miki2025lee
16,16831551,"Wenbo Qin","2026-09-05 10:55:25",0.94638,18,wenboqin
17,16798679,"Ravi Ramakrishnan","2026-09-05 20:06:52",0.94638,23,ravi20076
18,16802882,"Adithya Giridharan","2026-09-06 05:26:19",0.94638,28,adithyagiri
19,16804882,elmo,"2026-09-06 06:02:33",0.94637,23,mktakizawa
20,16803997,"Praneeth Paikray","2026-09-06 04:44:11",0.94637,14,paiky1995
21,16805147,Hemingweb,"2026-09-05 23:12:16",0.94637,13,hemingweb
22,16799752,"Romone Dunlop","2026-09-06 04:39:36",0.94637,60,romonedunlop
23,16808436,NIklitaCheporev,"2026-09-05 11:09:53",0.94637,18,niklitacheporev
24,16798831,Naji,"2026-09-06 06:25:56",0.94637,34,najiama
25,16798614,cstdy,"2026-09-06 16:54:24",0.94636,17,kirill0212
26,16799525,BOB,"2026-09-06 16:34:43",0.94636,43,hotpotbro
27,16830917,"Murat Emre YÜCEL","2026-09-06 10:36:21",0.94636,16,muratemreycel
28,16810884,Vaibhav,"2026-09-04 15:14:27",0.94636,23,vaibhavpatel
29,16805583,jazivxt,"2026-09-06 02:19:07",0.94635,51,jazivxt
30,16806975,John,"2026-09-05 01:23:22",0.94635,28,john159151
31,16803972,"Pradeep Sriramula","2026-09-06 03:34:35",0.94635,6,pradeep0245
32,16799811,Will,"2026-09-06 13:23:07",0.94635,37,"aditya2909rb,aryankaisth,wguesdon"
33,16822871,Timass,"2026-09-04 15:24:36",0.94635,11,timmass2
34,16802907,YUYA,"2026-09-06 08:36:34",0.94635,4,yuyaizumikawa
35,16810341,datatuu,"2026-09-05 17:00:05",0.94635,21,yaoguang516
36,16802257,"Asterios Terzis","2026-09-05 20:51:00",0.94635,7,asteriosterzis
37,16842698,MinhTran2346,"2026-09-06 13:20:02",0.94634,10,minhtran2346
38,16805518,"Santiago Maniches","2026-09-06 13:21:01",0.94634,26,santmani
39,16799042,F.A.Nina,"2026-09-06 12:58:19",0.94634,11,nina2025
40,16844017,"hamdi mohamed","2026-09-06 14:33:14",0.94634,1,hamdimohamed22
41,16808961,QSynPrim,"2026-09-05 22:01:44",0.94634,20,ksmashhero
42,16799982,"Talha Tursun","2026-09-06 12:58:53",0.94634,36,talhatursun
43,16810297,overwhelmer,"2026-09-05 16:03:39",0.94634,19,overwhelmer
44,16828175,"Gregory L.","2026-09-06 10:53:44",0.94634,5,lgregory
45,16798803,AnthonyTherrien,"2026-09-06 11:23:52",0.94634,6,anthonytherrien
46,16806846,"Akhilesh godugu","2026-09-06 12:26:43",0.94634,4,akhileshgodugu
47,16832536,"Md. Hamid Hosen","2026-09-06 13:56:07",0.94634,3,hosen42
48,16810800,Randy,"2026-09-04 13:44:18",0.94634,30,rvndyerwin
49,16825448,"Arnav Goel","2026-09-06 12:50:44",0.94634,7,arnavgoel17
50,16832906,"Nelson VIKOU","2026-09-06 15:39:14",0.94634,13,nelsonvikou
51,16840013,ajikajadeh,"2026-09-06 09:28:50",0.94634,13,ajikajadeh
52,16806910,Naveenkumar,"2026-09-06 15:42:49",0.94634,34,naveeen142007
53,16805636,Optimistix,"2026-09-06 06:57:13",0.94634,39,optimistix
54,16826206,"Abiram Bharathi S.A","2026-09-06 10:26:06",0.94634,23,abirambharathisa
55,16809918,aliemirkoca,"2026-09-06 11:25:07",0.94634,14,aliemirkoca
56,16810225,"Jeeva G","2026-09-06 07:45:35",0.94634,35,jeevag2006
57,16802812,"Abu Kayyisah Basyid","2026-09-06 08:05:11",0.94633,17,abukayyisahbasyid
58,16802297,"Aman Atar","2026-09-06 06:19:01",0.94633,51,amanatar
59,16808122,Ricky,"2026-09-05 06:06:50",0.94633,9,rickyds97
60,16799295,ikevayansky,"2026-09-05 21:56:06",0.94633,22,ikevayansky
61,16823977,"Guilherme Raiuga","2026-09-06 12:45:00",0.94633,7,guilhermeraiuga
62,16802485,JungHwan,"2026-09-05 07:29:23",0.94633,10,najunghwan
63,16798563,"M.N. Mohamed Aman","2026-09-06 00:00:35",0.94633,19,mnmohamedaman
64,16799720,"Krizsó Gergely","2026-09-06 14:07:36",0.94633,13,lucifer19
65,16802581,AI6102,"2026-09-05 14:46:10",0.94633,8,"liudiandian,lymhhh666"
66,16803030,"Hoai Vo","2026-09-05 02:26:11",0.94633,39,vkhoai
67,16823033,coder738,"2026-09-05 02:57:39",0.94633,1,coder738
68,16813926,"인공저능연구소( Artificial Idiocy Lab )","2026-09-06 10:34:03",0.94633,12,megayak
69,16800029,BhuvanNR,"2026-09-06 09:46:26",0.94633,14,bhuvannr2006
70,16799784,"Mathurin Ache","2026-09-05 07:53:27",0.94633,5,mathurinache
71,16799336,Souvik_D_Biswas,"2026-09-05 07:57:06",0.94633,2,souvikdbiswas
72,16801472,"Bros 360x","2026-09-05 08:11:09",0.94633,27,"alexander683,bros360x"
73,16811067,"Baha Enes Ören","2026-09-05 09:28:29",0.94633,17,bahaenesren
74,16798636,"Jeki Wan Taufik","2026-09-05 09:49:59",0.94633,6,jek1wantaufik
75,16799231,"Omkar Kadam","2026-09-05 13:55:31",0.94633,28,itzzomkar
76,16798958,huangbin,"2026-09-06 05:43:58",0.94633,14,huangbin1
77,16807998,"Md Abdul Al Hasib","2026-09-05 17:53:55",0.94633,3,mdabdulalhasib
78,16805265,"Silvan Müller","2026-09-05 22:21:33",0.94633,7,silvanmller
79,16806089,khgb,"2026-09-06 09:34:26",0.94633,28,khgb123
80,16806374,"Ronit Agarwal","2026-09-06 03:27:06",0.94633,14,"boandme,ronitagarwal1,shauryasahdev2"
81,16805281,SC,"2026-09-06 03:51:40",0.94633,30,ryosketchbook2007
82,16809986,"Guru Prasaath S","2026-09-06 04:09:06",0.94633,3,guruprasaathas111
83,16842814,ParsaAshrafi,"2026-09-06 09:02:35",0.94633,4,parsaashrafii
84,16839411,"Patrick CHER","2026-09-06 09:37:26",0.94633,10,patrickcher
85,16798714,"Sung Heo","2026-09-05 03:33:58",0.94633,9,kmmmvs
86,16801830,Tilii,"2026-09-06 02:34:20",0.94632,37,tilii7
87,16801873,"Evgeny Nevodnich","2026-09-06 11:25:15",0.94632,9,evgenynevodnich
88,16799685,starkhushi,"2026-09-05 06:04:19",0.94632,14,starkhushi
89,16842031,"Han Ming","2026-09-06 13:21:48",0.94632,10,hanming14
90,16840897,"Kiran Kunapuli","2026-09-06 11:26:35",0.94631,5,kirankunapuli
91,16809885,"Paul Bryan Elefante","2026-09-06 12:13:40",0.94631,3,heuljax
92,16841712,"Sean Zhang","2026-09-06 13:19:41",0.94631,2,"blackpearls1,seanzhang2445"
93,16799115,kglctf,"2026-09-06 03:32:09",0.94631,60,kglctf
94,16841843,"Aadit Agrawal","2026-09-06 04:05:51",0.94630,8,aaditagrawal
95,16799429,yuurei,"2026-09-06 02:23:38",0.94630,3,nyhalcyon
96,16799786,"Nityashmi sharma","2026-09-05 09:11:32",0.94630,20,"hargunsandhu,nityashmisharma"
97,16810878,Jorgen9B,"2026-09-06 13:49:50",0.94630,37,jorgen9b
98,16803634,"Arnie Jimenez","2026-09-03 01:26:00",0.94629,10,arniejimenez
99,16799961,"Christoffer Thimsen","2026-09-05 16:20:44",0.94629,9,lowasitgoes
100,16798594,isthereanycode,"2026-09-04 04:21:34",0.94629,30,isthereanycode
101,16839803,AreJain,"2026-09-06 16:56:55",0.94628,5,arejain
102,16830559,guansuo,"2026-09-04 12:11:51",0.94628,1,guansuo
103,16799484,"Charismatic Pizza Party🍕","2026-09-04 12:28:43",0.94628,4,debugendless
104,16821928,"Akalya Bharathi S A","2026-09-05 14:29:32",0.94628,16,akalyabharathisa
105,16805868,"Gaurab Baral","2026-09-04 13:24:59",0.94628,13,itzgauurab
106,16806230,yukiZ,"2026-09-04 08:21:12",0.94628,3,hideyukizushi
107,16798911,Chiranjeev,"2026-09-06 04:33:06",0.94628,18,abhirajhiwale
108,16832500,"An Pham","2026-09-04 18:40:21",0.94628,8,hoang1711
109,16822664,"Dhruv Tibarewal","2026-09-06 16:31:14",0.94627,3,dhruvtibarewal
110,16798605,"Pavlo Ivanin","2026-09-04 22:42:04",0.94627,11,pavloivanin
111,16808813,"Muhammet Faruk Erem","2026-09-06 17:08:32",0.94627,13,muhammeterem
112,16804861,RuiFSPinto,"2026-09-04 23:10:07",0.94627,26,ruifspinto
113,16800764,"Mizushima Toshihiko","2026-09-06 07:19:15",0.94627,27,mizushimatoshihiko
114,16798623,"Evan Arlen Handy","2026-09-04 01:07:17",0.94627,14,evanarlenhandy
115,16805345,彭元彥,"2026-09-02 19:00:00",0.94627,6,pongpong1027
116,16832851,"Selim Akl","2026-09-05 13:22:49",0.94627,7,selimakl
117,16807259,"Manoj L9865988","2026-09-03 10:47:49",0.94626,13,"manojl9865988,navyashettynsagae"
118,16798882,Solid,"2026-09-05 23:01:15",0.94626,12,nizhen
119,16798905,"DYLAN GUNAWAN13331","2026-09-02 07:40:21",0.94626,11,dylangunawan13331
120,16798870,"Jenny He","2026-09-05 17:19:34",0.94626,20,jennyheeeeee
121,16831056,"Alexey Kuznetsov","2026-09-06 00:23:16",0.94626,30,legtarrr
122,16832278,hotaq,"2026-09-06 05:38:30",0.94626,8,chinnaphatkhun
123,16808677,Funguscakehead,"2026-09-05 14:12:55",0.94625,5,funguscakehead
124,16803858,"Elvern Neylmav Tanny","2026-09-02 15:56:27",0.94625,7,elvernneylmavtanny
125,16799087,easonyanyan,"2026-09-05 21:44:44",0.94625,16,easonyanyan
126,16804076,"Renji Starfall","2026-09-03 15:19:04",0.94625,19,renjistarfall
127,16802953,Ole-Jakob,"2026-09-06 15:53:27",0.94625,26,olejakobrosenvold
128,16818192,"Augustine Williams223","2026-09-03 10:48:34",0.94625,1,augustinewilliams223
129,16798830,Juyong,"2026-09-03 08:02:38",0.94625,26,kimdoong
130,16805310,"Sergey Qt2024","2026-09-06 08:50:26",0.94624,19,sergeyqt2024
131,16799762,"Aleksei Feklin","2026-09-05 21:49:34",0.94624,13,alexfeklin1234
132,16799609,"Vinay Rai","2026-09-03 08:31:30",0.94624,3,vinay24baghira
133,16807826,"rupsa roy","2026-09-06 08:33:25",0.94624,3,rupsarroy
134,16810087,CaptainNemo,"2026-09-04 17:52:33",0.94624,17,nemokaggler
135,16832136,huohuaya,"2026-09-06 02:13:28",0.94623,5,huohuaya
136,16814218,人畜无害,"2026-09-04 02:24:16",0.94623,11,slowmo19
137,16799994,"jidong Wu","2026-09-06 11:57:06",0.94622,6,jidongwu
138,16810147,"Roshan Roy","2026-09-06 12:34:06",0.94622,1,roshanroy333
139,16810885,"Gaiar Baimuratov","2026-09-03 16:35:47",0.94622,11,baimuratov
140,16823819,"Clark Kitchen","2026-09-05 21:14:12",0.94622,3,clarkkitchen
141,16810511,StephenNedumpally,"2026-09-02 18:06:05",0.94621,1,stephennedumpally
142,16799922,"Anhad Mahajan","2026-09-05 18:47:11",0.94621,46,anhadmahajan06
143,16819432,"Ali hussien jawad","2026-09-06 13:11:27",0.94621,11,"alihussienjawad,khalidnidawi"
144,16833018,AsSidiq,"2026-09-05 04:05:41",0.94621,18,assidiq
145,16824841,"Faraz Shamim","2026-09-06 14:51:37",0.94621,3,mrimperium
146,16823495,dragoshh1984,"2026-09-03 21:42:36",0.94621,4,dragoshh1984
147,16807961,"Arivu Chezhiyan","2026-09-04 12:51:26",0.94621,21,arivuchezhiyan
148,16843561,QiYian,"2026-09-06 15:19:25",0.94620,5,uhduih123
149,16798699,ONODERA,"2026-09-04 12:19:14",0.94620,6,onodera
150,16832837,"Marie-Lou Barnaud","2026-09-06 10:49:07",0.94620,3,marieloubarnaud
151,16840371,CG,"2026-09-06 17:46:22",0.94620,10,alexanderwang2001
152,16800504,Foxure,"2026-09-03 11:10:26",0.94620,11,foxure
153,16834628,GagePeppers,"2026-09-06 02:47:52",0.94620,6,gagepeppers
154,16806494,"Lam Mo Kit ","2026-09-02 16:29:33",0.94620,3,lammokit
155,16802405,"Toshifumi Komiya","2026-09-06 11:00:27",0.94619,22,toshifumikomiya
156,16801545,william950615,"2026-09-06 00:14:39",0.94619,21,william950615
157,16802111,"Nazar Koval","2026-09-06 16:37:24",0.94618,19,miickey
158,16808767,"BNBU YUXIANG Jiang","2026-09-06 09:43:33",0.94617,11,yuxiang328
159,16827911,"Araik Tamazian","2026-09-05 19:03:59",0.94617,13,atamazian
160,16828369,Galza98,"2026-09-04 14:47:02",0.94616,8,galza98
161,16803554,PavelLiashkov,"2026-09-03 11:12:12",0.94616,4,bigbag1983
162,16832829,"Ishan Raj","2026-09-06 10:43:14",0.94616,3,mightyjiraiya
163,16805966,CAPRICORNUS0908,"2026-09-06 05:29:58",0.94616,20,capricornus0908
164,16799209,Rakhansyah,"2026-09-05 19:23:42",0.94616,12,rakhansyah
165,16808616,"amaury lc","2026-09-02 14:53:32",0.94615,3,amaurylc
166,16821052,"Adama Traore","2026-09-03 20:21:28",0.94615,10,adamstra
167,16828042,add_mul,"2026-09-05 05:24:00",0.94615,7,addmul
168,16832614,Markus.JM,"2026-09-04 23:25:42",0.94615,4,maiernator
169,16842758,"Keiichiro Terahara","2026-09-06 17:48:57",0.94614,3,keiichiroterahara
170,16799386,"Sala J","2026-09-06 17:52:50",0.94614,10,sjwell
171,16799578,Nenya,"2026-09-05 08:45:45",0.94614,14,nenya17
172,16799125,"M. Syahrindra","2026-09-03 15:22:46",0.94614,8,mochammadsasuharno
173,16798811,sswatari,"2026-09-06 17:53:29",0.94614,13,sswatari
174,16804441,"Andrew Leal70","2026-09-05 00:02:54",0.94614,11,andrewleal70
175,16805359,rampichino,"2026-09-03 16:18:36",0.94613,3,alfreale
176,16838574,"Taemyung Heo","2026-09-06 06:35:47",0.94613,4,tmheo74
177,16798965,"Hussaan Haroon","2026-09-03 13:05:57",0.94613,1,hussaanharoon
178,16832827,JeedimetlaCharan213,"2026-09-06 10:17:25",0.94613,2,jeedimetlacharan213
179,16811838,caiguoneng,"2026-09-03 09:27:13",0.94612,5,caiguoneng
180,16798804,"Kazuhiro Masuyama","2026-09-06 14:00:57",0.94612,20,kazuhiromasuyama
181,16814987,"Zihan Ni","2026-09-06 06:03:35",0.94612,6,lunangai
182,16814410,"Khara Han","2026-09-04 06:02:26",0.94612,13,"kharahan,zavierchen"
183,16802551,"Anurag Goyal","2026-09-03 11:46:30",0.94612,6,anuraggoyal2203
184,16838761,Wakabourne,"2026-09-05 07:53:49",0.94612,1,wakabourne
185,16839884,"MN Kaggler","2026-09-06 15:28:14",0.94612,4,mnkaggler
186,16802312,BIZEN250,"2026-09-04 07:48:36",0.94612,11,bizen250
187,16804794,avg,"2026-09-04 19:44:29",0.94612,14,alexgagloev
188,16799154,"Kodai Fukuda","2026-09-03 14:04:56",0.94612,13,kodaifukuda0311
189,16823911,"Ahmet Bugrahan ALTUNOK","2026-09-06 17:22:09",0.94611,16,ahmetbugrahanaltunok
190,16803292,dukka,"2026-09-06 15:22:19",0.94611,11,onurozahioglu
191,16800681,"Mikhail Naumov","2026-09-06 15:20:34",0.94611,43,mikhailnaumov
192,16808556,"Ali Ghandi","2026-09-05 09:40:43",0.94611,9,aligh474
193,16823110,"Jan Fidor","2026-09-04 14:58:47",0.94611,19,janfidor
194,16802295,Ajanraj,"2026-09-05 01:37:01",0.94611,9,ajanraj25
195,16808265,IOE,"2026-09-05 12:39:27",0.94611,8,s1teko
196,16822859,Jeeva2470041,"2026-09-04 04:49:13",0.94611,8,jeeva2470041
197,16822442,rootxhacker,"2026-09-04 03:38:10",0.94611,3,rootxhacker
198,16828008,"Jayyanth K B","2026-09-06 10:06:50",0.94611,9,jayyanthkb
199,16820688,"Umair Zia","2026-09-04 18:05:04",0.94610,5,stealthtechnologies
200,16802736,"Joe Young","2026-09-05 20:56:52",0.94610,21,jsphyg
201,16826089,Dule@11,"2026-09-04 18:44:32",0.94610,7,dule11
202,16827807,"Alpay Abbaszade","2026-09-06 17:23:37",0.94610,12,alpayabbaszade
203,16806364,"Matthew Y","2026-09-02 20:54:44",0.94610,4,cidkardi
204,16811220,blacksword812,"2026-09-06 11:34:41",0.94610,16,blacksword8192
205,16824050,"Karam Khasawneh","2026-09-04 14:47:51",0.94609,7,karamkhasawneh
206,16824074,SOONHANKWON,"2026-09-04 04:43:23",0.94609,2,soonabletv
207,16808782,"Semih Temiz","2026-09-03 21:07:00",0.94609,7,semhtemiz
208,16832242,"Pranjal Verma","2026-09-06 07:08:27",0.94609,2,pranjalverma08
209,16817747,"Olatide Bolaji","2026-09-05 20:27:14",0.94609,20,olatidebolaji
210,16842157,SM30,"2026-09-06 12:50:40",0.94609,1,sagarmane104
211,16802205,"Paul Shelby","2026-09-04 11:13:37",0.94609,14,paulshelby
212,16807117,shisan92,"2026-09-05 03:29:24",0.94609,5,shisan92
213,16802403,noam,"2026-09-03 18:10:34",0.94608,4,noamdwc
214,16799565,"Lâm Huy","2026-09-05 12:35:42",0.94608,15,lamhuy8904
215,16798802,W-Bruno,"2026-09-03 23:49:46",0.94608,15,haoqiangzheng
216,16798880,Hermengardo,"2026-09-03 19:35:26",0.94608,26,hermengardo
217,16799732,camurberkayy,"2026-09-02 11:44:14",0.94608,2,camurberkayy
218,16832041,datarchive,"2026-09-05 14:21:43",0.94608,7,univekqls
219,16841605,"Sushmit Deb","2026-09-06 16:29:52",0.94607,2,sushm17
220,16841762,wis-smec,"2026-09-06 15:12:15",0.94607,5,wissmec
221,16805741,"NextAura AI _ ZU","2026-09-02 08:09:58",0.94607,7,mohandabuayyash1
222,16806584,"Nithin maktha","2026-09-02 05:40:13",0.94607,1,makthanithin
223,16814708,maronist,"2026-09-03 06:46:04",0.94607,2,emikonandate
224,16814691,"Chinzorigt Ganbat","2026-09-06 13:44:30",0.94607,23,chinzorigtganbat
225,16811749,zane666,"2026-09-05 03:40:08",0.94607,2,zane666
226,16805319,サポタン,"2026-09-06 07:38:57",0.94607,20,sapotan
227,16804378,"Özgür Berke Akyol","2026-09-05 09:21:27",0.94606,13,ozgurba
228,16802166,"Shigeru Kondou","2026-09-01 13:56:19",0.94606,5,shigerukondou
229,16811769,lyagushkerr,"2026-09-03 14:00:44",0.94606,6,lyagushkerr
230,16802938,Maxim,"2026-09-04 03:05:16",0.94605,5,ektarr
231,16803921,"Mohammed Rajaa","2026-09-03 09:54:55",0.94605,9,mohammedrajaa
232,16827164,wangxt1,"2026-09-04 08:19:48",0.94605,3,wangxt1
233,16802687,SergeyN1942,"2026-09-04 16:27:53",0.94605,18,sergeyn1942
234,16842060,"Rob C","2026-09-06 12:28:47",0.94605,3,robertcheah
235,16815512,ali_abidi_1111,"2026-09-06 07:24:21",0.94604,1,aliabidi2357
236,16800069,wmls^0^okok,"2026-09-02 06:54:40",0.94604,5,kjy666
237,16810298,"Jared Floersch","2026-09-04 17:35:28",0.94604,26,jaredfloersch
238,16798566,Chovy,"2026-09-06 02:33:41",0.94604,18,chovyxu
239,16808095,kminsher,"2026-09-04 09:50:45",0.94603,3,kminsher
240,16838407,"Srivatsav Kannan","2026-09-05 13:16:28",0.94603,4,srivatsavkannan
241,16803000,destroyer@123787,"2026-09-03 18:41:24",0.94603,2,destroyer123787
242,16799086,LULU,"2026-09-06 16:31:02",0.94603,9,"luluwenhaolulu,qingwending"
243,16822718,Hoaivo,"2026-09-03 17:03:13",0.94602,3,hoaivo
244,16802712,"Michael Y. Qiu","2026-09-04 14:37:04",0.94601,3,michaelqiu0606
245,16798599,"Дворкин Евгений Владимирович","2026-09-05 13:34:30",0.94601,29,evgendvorkin
246,16833367,"Mihir Argulkar","2026-09-05 21:17:22",0.94600,5,mihirargulkar
247,16809421,yatakeuc,"2026-09-06 12:47:17",0.94599,9,yatakeuc
248,16799620,"Ismail Ucuran","2026-09-03 07:46:49",0.94599,8,ismailucuran
249,16799748,"Komil Parmar","2026-09-02 07:07:08",0.94598,4,komilparmar
250,16803764,"lionel W509","2026-09-02 03:13:13",0.94598,6,lionelw509
251,16798976,"Sadam Torres","2026-09-04 03:04:21",0.94598,8,sadamtorres
252,16833371,"Irkan Alfa","2026-09-05 17:33:19",0.94597,2,irkanalfaraji
253,16803528,choqui62,"2026-09-06 14:27:44",0.94597,17,choqui62
254,16804847,"Vladimir Demidov","2026-09-06 16:58:34",0.94597,30,yekenot
255,16802350,"shankar lal","2026-09-01 22:09:48",0.94597,4,shankar3234
256,16829820,tkdndgus,"2026-09-05 17:27:31",0.94597,5,tkdndgus
257,16798795,"(ノ◡ <)","2026-09-03 14:18:08",0.94597,5,nawfeelrahman1124444
258,16804933,hypecoef,"2026-09-06 15:13:02",0.94596,10,pieego
259,16806112,"Dariush Afshar","2026-09-04 03:08:33",0.94596,10,dariushafshar
260,16798866,"Huzaifa Mankda","2026-09-05 18:37:48",0.94596,9,huzaifa242
261,16799109,BlamerX,"2026-09-04 19:56:08",0.94596,3,blamerx
262,16811538,treflow,"2026-09-03 18:43:36",0.94595,3,treflow
263,16798601,"Georgy Mamarin","2026-09-05 08:42:22",0.94594,6,georgymamarin
264,16832427,ASHML,"2026-09-05 20:29:29",0.94593,6,ashml
265,16802720,shimizuYY,"2026-09-06 16:11:46",0.94593,9,shimizuyy
266,16803816,Santhana,"2026-09-02 12:29:04",0.94593,2,santhanalekshmic
267,16802848,Soham,"2026-09-04 18:18:48",0.94592,5,soham308
268,16809162,"kyle Taylorer","2026-09-02 15:52:54",0.94592,5,kyletaylorer
269,16805381,taiseiu,"2026-09-01 21:23:42",0.94591,2,taiseiu
270,16798899,"Chekhlov Dmitrii","2026-09-06 15:31:43",0.94591,2,zoli800
271,16806545,mochi0601,"2026-09-05 11:38:46",0.94590,20,mochi0601
272,16799371,"Rugved Bane","2026-09-06 14:25:19",0.94590,11,rugvedbane
273,16840877,KLwin,"2026-09-05 17:45:13",0.94590,1,amanmt24013
274,16833405,islet,"2026-09-06 00:59:28",0.94590,2,kojimar
275,16823630,"Ayoola Okunlola","2026-09-04 16:42:41",0.94589,3,ayoolaokunlola
276,16806474,"tom c tea","2026-09-03 10:14:15",0.94589,2,tomctea
277,16811916," Lưu Khải Hưng","2026-09-04 03:15:15",0.94589,3,lukhihng
278,16802602,"ML learner","2026-09-05 18:21:29",0.94588,1,usermaname1
279,16811459,GCarnovale,"2026-09-06 01:15:22",0.94588,13,gcarno
280,16804907,jvachier,"2026-09-05 19:07:03",0.94587,7,jvachier
281,16809469,"Yusuf Ömer Erem","2026-09-04 19:45:11",0.94587,3,yusuferem
282,16799328,CyberRacoon,"2026-09-04 10:53:15",0.94585,12,racoontw
283,16799691,Ern711,"2026-09-05 22:26:05",0.94583,1,ern711
284,16798628,"Makoto Furukawa","2026-09-06 06:19:53",0.94583,9,makotofurukawa
285,16820017,"Mika SHNHR","2026-09-06 13:18:56",0.94582,3,mikashnhr42261
286,16823055,SDA000,"2026-09-04 17:53:00",0.94582,7,sda000
287,16801189,Keanan,"2026-09-02 23:13:20",0.94581,3,citerne
288,16815449,Boltuzamaki,"2026-09-03 08:31:19",0.94581,2,boltuzamaki
289,16824071,永井松太郎,"2026-09-06 02:51:03",0.94581,2,nattomann
290,16802759,"Georgios Nikolitsis","2026-09-06 15:21:49",0.94580,40,gnikolitsis
291,16808670,"Dr Anil Kumar Dubey","2026-09-06 06:09:29",0.94580,8,dranilkumardubey
292,16839860,NynsenFaber,"2026-09-05 14:56:15",0.94579,2,nynsenfaber
293,16807881,Amaranta,"2026-09-04 03:53:18",0.94579,6,ulyanovantonamaranta
294,16802421,"Ryotaro Minato","2026-09-06 14:53:20",0.94579,3,ryotarominato
295,16798792,Allan,"2026-09-01 09:27:57",0.94578,1,bayntuna
296,16799657,Akritas,"2026-09-02 11:43:24",0.94577,6,akritas
297,16822226,"Hande  Nur Uygun","2026-09-05 22:55:27",0.94577,13,handeuygun
298,16808288,hundun,"2026-09-04 16:25:44",0.94577,23,zhongh4oyang
299,16809558,"Ricardo Pereira","2026-09-04 15:54:14",0.94576,4,rjopereira
300,16832833,"Corbett Austin","2026-09-04 22:32:07",0.94575,2,corbettaustin
301,16805339,"Nikhil Fotedar","2026-09-06 17:24:33",0.94574,5,nikhilfotedar
302,16840930,Dubnium,"2026-09-06 17:50:48",0.94572,7,ahmetyasin1
303,16805739,"Gerald Schwartz","2026-09-03 13:36:16",0.94572,1,geraldschwartz
304,16798678,YoussefSalem_fr,"2026-09-06 13:28:56",0.94571,14,youssefsalemishere
305,16800431,NatSwamin,"2026-09-04 10:44:04",0.94571,4,natswamin
306,16839145,"Eshan Mehendale","2026-09-06 17:53:34",0.94571,2,eshanmehendale
307,16801062,tuannm3812,"2026-09-04 13:12:35",0.94570,7,tuannm3812
308,16805798,"Tys TANA","2026-09-03 00:31:14",0.94570,2,tystana
309,16822923,UnfriendlyAI,"2026-09-04 18:51:17",0.94570,10,unfriendlyai
310,16823682,"Shantanu Chopra","2026-09-04 12:30:37",0.94569,2,shanchp
311,16805454,"Nishant Dhingra","2026-09-03 05:33:37",0.94568,10,nishantdhingra
312,16832257,Jack,"2026-09-05 08:57:12",0.94567,1,jackg12345
313,16799882,"Ákos Pintér","2026-09-06 08:18:35",0.94566,60,kospintr
314,16838804,None,"2026-09-06 16:36:44",0.94564,2,mdmorshalinemojumder
315,16799267,June3141,"2026-09-01 04:53:33",0.94564,2,june3141
316,16841283,"Black Scholes","2026-09-06 09:17:04",0.94564,3,blackscholz
317,16805565,Guenoir,"2026-09-06 10:02:16",0.94562,8,joshuamichael15
318,16841643,amiakar,"2026-09-06 01:51:26",0.94560,2,amiakar
319,16809884,"Water ground","2026-09-06 14:28:29",0.94558,16,kyumoto
320,16807474,"Tamerlan Omralinov","2026-09-03 04:00:34",0.94558,7,tamerlanomralinov
321,16802382,rockyhg,"2026-09-06 05:31:16",0.94557,4,rockyhg
322,16840555,coffeffe,"2026-09-06 10:20:22",0.94557,4,"coffeffe,vatereal"
323,16800168,MAT,"2026-09-06 17:51:56",0.94555,13,mehmetanltays
324,16799543,Finezza,"2026-09-05 05:51:45",0.94554,6,finezza
325,16798971,daoviet,"2026-09-03 02:35:23",0.94552,18,daoviet
326,16832502,"Mohamed Alaa Elboraay","2026-09-04 18:31:11",0.94552,1,mohamedalaa10
327,16828109,sanny0605,"2026-09-06 07:10:10",0.94551,23,sanny0605
328,16839897,kenchanhodgkin,"2026-09-06 17:38:39",0.94549,2,kenchanhodgkin
329,16803413,"Kanish Paul","2026-09-01 17:02:01",0.94549,1,kanishpaul
330,16828514,"Trọng tâm Nguyễn","2026-09-04 10:18:27",0.94548,1,trngtmnguyn
331,16802764,cigdembal,"2026-09-06 13:06:09",0.94547,14,cigdembaloglu
332,16807946,"Supanat Khaodhiar","2026-09-04 11:47:27",0.94547,1,supanatkhaodhiar
333,16810302,Tathagata_Ghosh_03,"2026-09-06 15:52:36",0.94543,6,tathagataghosh03
334,16806870,"nikolaou nikolaou","2026-09-04 06:26:11",0.94542,3,nikolaounikolaou
335,16839364,"loai fahman","2026-09-05 11:49:02",0.94541,5,loaifahman
336,16799819,"alex chilton","2026-09-01 20:03:54",0.94540,5,alexchilton
337,16836084,"Ashok Gaire","2026-09-05 03:36:45",0.94539,1,ashokgaire
338,16799216,"Ilya Sevastyanov","2026-09-06 04:36:07",0.94539,6,sev1lya
339,16803077,"Arizal Muluk","2026-09-06 13:53:07",0.94537,14,arizalfirdaus123
340,16802845,Pyeonggi,"2026-09-02 14:34:39",0.94533,11,pgkim42
341,16810831,"Mohsen Shahbazi","2026-09-05 18:10:35",0.94531,4,mohsenshahbazi
342,16798829,"Tian Yan666","2026-09-05 08:25:30",0.94531,6,tianyan666
343,16841337,JeeHyungKim,"2026-09-05 23:16:32",0.94528,2,wilshercky
344,16829821,"Raghav Agrawal","2026-09-05 11:15:38",0.94528,18,raghagra
345,16841654,HananFish,"2026-09-06 08:21:33",0.94526,2,hananfish
346,16799673,@luke,"2026-09-06 09:36:22",0.94517,3,loukaspritsas
347,16802895,kazkod,"2026-09-05 13:03:36",0.94515,1,kazkod
348,16822671,"Nastija Kalugina","2026-09-06 17:41:18",0.94507,6,nastijakalugina
349,16806527,Tsubasa_00,"2026-09-02 07:40:23",0.94506,1,tsubasa00
350,16798828,AbdullahSafwan333,"2026-09-06 01:34:43",0.94505,2,abdullahsafwan333
351,16806639,luochen211,"2026-09-02 06:49:48",0.94501,3,luochen211
352,16839989,awei,"2026-09-06 05:39:08",0.94499,4,awei666
353,16799068,"river August","2026-09-03 02:50:16",0.94498,6,riveraugust
354,16800792,PeterGrundell,"2026-09-05 13:44:35",0.94497,13,petea2z
355,16799137,dengyufei,"2026-09-06 14:17:27",0.94493,32,dengyufei666
356,16830291,"Hajime Kumami","2026-09-05 00:34:29",0.94492,1,hajimekumami
357,16801847,QuedboX,"2026-09-05 13:17:15",0.94491,5,asdfassdf
358,16807530,falsenine,"2026-09-06 05:23:27",0.94491,2,koheishima
359,16807684,"Sayaka Kitahara","2026-09-03 12:26:42",0.94491,6,sayakakitahara
360,16798598,"Trish Cornelissen","2026-09-06 15:39:29",0.94487,47,tcspecialist
361,16831227,Marton,"2026-09-05 08:59:35",0.94484,3,martonfuck
362,16802777,"S Aishvarya","2026-09-05 13:32:13",0.94482,7,saishvarya
363,16805197,"Atharva Parab","2026-09-05 04:20:11",0.94480,12,atharvaparab
364,16807971,casati8,"2026-09-04 08:04:23",0.94474,7,casati8
365,16809396,wcwswswws,"2026-09-06 11:54:28",0.94472,13,wcwswswws
366,16830370,KikET,"2026-09-04 23:20:56",0.94471,3,kikets
367,16798836,"Wei Hsiang Lin111","2026-09-03 08:04:00",0.94471,16,weihsianglin111
368,16798937,"Nirmal Patel","2026-09-02 07:16:28",0.94470,4,nirmalpatel02
369,16808993,"Akiyoshi Kinoshita","2026-09-06 10:40:35",0.94470,1,satokin13m
370,16806120,"Koh Saito","2026-09-03 16:16:24",0.94468,6,kohsaito
371,16832333,"Karan Tanshukh","2026-09-04 17:20:05",0.94468,1,karantanshukh
372,16839121,WIKXY,"2026-09-06 11:44:46",0.94464,3,beneththeskin
373,16808989,"Mohammad Alnajdawi","2026-09-02 14:59:44",0.94462,3,mohammadalnajdawi
374,16801808,"Mahabub Hasan Mamun","2026-09-06 15:34:17",0.94455,6,mahabub001cs
375,16807903,"Utkarsh Agrawal","2026-09-04 15:55:32",0.94455,3,n0va007
376,16802898,"Dennis SH Lai","2026-09-03 19:17:08",0.94454,8,dshihlai
377,16798600,"Busya PRIME","2026-09-02 22:53:33",0.94453,3,busyaprime
378,16808743,"Mehmet Sami Boz","2026-09-04 14:37:33",0.94452,24,mehmetsamiboz
379,16823643,"Muneeb ul Hassan","2026-09-04 07:10:42",0.94452,4,muneeb2405
380,16808128,Yangzhenyu,"2026-09-02 09:33:47",0.94451,2,rubyq0v0p
381,16810539,"Oleg Zagorulko","2026-09-02 19:00:12",0.94451,1,altersystem
382,16799920,"Aloe moon","2026-09-04 20:10:14",0.94451,4,aloemoon
383,16812064,"Liu Classmate","2026-09-03 04:15:04",0.94449,3,liuclassmate
384,16833268,HIGORMALz,"2026-09-06 15:52:52",0.94449,5,higormalz
385,16802187,jyama,"2026-09-04 07:07:06",0.94448,9,yarukikun
386,16823835,kakuteki,"2026-09-04 08:25:25",0.94447,1,kakuteki
387,16802480,"Владислав Мурник","2026-09-02 20:44:15",0.94447,5,adik23twhrs
388,16839516,恵輔平川,"2026-09-06 14:10:58",0.94445,11,hirakawa0k
389,16817026,kif,"2026-09-06 07:44:06",0.94445,7,echigobran
390,16805449,"amirhossein karimiee","2026-09-04 17:54:31",0.94444,3,amirhosseinkarimiee
391,16799549,"Avinash Maurya","2026-09-02 14:21:26",0.94444,5,avinash2009
392,16809336,"Sreejit Pradhan","2026-09-06 14:17:40",0.94443,10,sreejitpradhan
393,16806696,米津玄師.,"2026-09-02 06:13:45",0.94441,1,useikawa
394,16823331,Charlezz8z,"2026-09-05 04:37:59",0.94427,3,charlezz8z
395,16838684,"Prathamesh Mistry","2026-09-06 06:11:29",0.94426,1,prothomeshmistry
396,16799681,S-as-H,"2026-09-06 09:06:56",0.94425,33,sasha1111
397,16841870,"Yamin Hossain","2026-09-06 05:04:33",0.94425,1,yaminh
398,16814215,PrabhatAgnihotri,"2026-09-05 10:45:49",0.94419,9,prabhatagnihotri
399,16841215,"Deepak #2","2026-09-06 10:03:37",0.94410,3,deepakup85
400,16802997,K.Takahashi-1986,"2026-09-05 14:44:59",0.94409,2,ktakahashi1986
401,16839520,"Srishanth Sriramula","2026-09-05 12:41:21",0.94397,1,srishanthsriramula
402,16811824,"Hammad Farooq","2026-09-05 04:33:24",0.94396,5,malikhammadfarooq
403,16809850,"Minghao Xia","2026-09-05 05:54:20",0.94393,3,minghaoxia
404,16804031,JusteME😅,"2026-09-05 21:58:41",0.94392,6,degnonguidi
405,16813612,"RISHU RAJ","2026-09-03 20:38:04",0.94391,4,rishi412
406,16803548,AndyL,"2026-09-02 21:36:38",0.94388,4,androidl
407,16808218,"Asmita Khaitan","2026-09-03 10:01:01",0.94385,13,khaitanasmita
408,16800002,Async,"2026-09-06 06:30:09",0.94375,24,k1y0sh1
409,16820576,"Kuba Kościan","2026-09-06 14:13:04",0.94364,17,kubakocian
410,16840184,02,"2026-09-06 14:54:18",0.94361,1,avik090
411,16831018,"Mir Abir Hossain","2026-09-04 20:05:15",0.94357,4,mirabirhossain
412,16799414,"Laurent Pourchot","2026-09-03 03:27:41",0.94351,5,pourchot
413,16818074,VnHGTBoy,"2026-09-03 12:53:31",0.94350,7,vnhgtboy
414,16808814,kouchan,"2026-09-06 07:12:25",0.94350,2,kouchan0104
415,16808168,Corruptors,"2026-09-02 11:22:21",0.94347,2,corruptors
416,16798565,"Gaurav Dutta","2026-09-06 00:43:41",0.94340,23,gauravduttaiiitb
417,16798789,Shailesh,"2026-09-06 13:28:14",0.94337,2,shailesh5430
418,16799875,"Siddhu Jaykay","2026-09-02 12:14:21",0.94334,5,siddhujaykay
419,16805458,Herohito,"2026-09-04 00:17:14",0.94334,4,aangphurba
420,16802740,"Just Code","2026-09-06 10:23:46",0.94332,2,justcode1
421,16798825,"Jason Lam","2026-09-06 05:52:25",0.94332,28,jlam83
422,16803933,001eander,"2026-09-03 00:27:11",0.94329,2,o01eander
423,16826494,"Justine Lopez","2026-09-06 16:13:52",0.94325,4,justinelopez
424,16804647,"NAMAN TRISOLIYA","2026-09-03 13:52:52",0.94320,10,namantrisoliya
425,16805784,"Andrew Tang","2026-09-04 07:04:39",0.94320,9,andrewtangg
426,16840369,Jeremy,"2026-09-05 16:34:41",0.94313,2,jeremybetz
427,16809093,yanis_lou,"2026-09-02 12:24:28",0.94304,10,yanislou
428,16803855,Evdilos_Ikaria,"2026-09-05 18:54:29",0.94299,1,georgem
429,16808083,"Jerónimo Paiva","2026-09-02 20:48:21",0.94297,1,jernimopaiva
430,16801664,ZAOUI_Yassine,"2026-09-03 17:00:12",0.94297,21,zaouiyassine
431,16802586,"Rob Schieber","2026-09-04 11:39:25",0.94292,2,robschieber
432,16840941,Daeren,"2026-09-06 12:50:55",0.94291,1,daeren
433,16809944,"Brejesh Balakrishnan","2026-09-02 19:37:51",0.94288,3,brejeshbalakrishnan
434,16799978,"Kian Maghsoodi","2026-09-04 19:17:55",0.94286,6,kizmodo
435,16800246,"ARIFUDDIN R","2026-09-03 07:44:46",0.94281,4,arifuddinr
436,16802466,chenshiyo,"2026-09-01 11:27:14",0.94278,1,chenshiyo
437,16799878,"Hữu Bình Nguyên Nguyễn","2026-09-06 11:07:03",0.94276,19,hubnhnguynnguyn
438,16801850,松田,"2026-09-05 11:48:18",0.94266,7,nekonekonekone
439,16828280,"Shardul Pingale","2026-09-06 00:26:06",0.94263,2,shardulpingale
440,16839540,"Xerx 350","2026-09-06 10:54:19",0.94256,3,xerx350
441,16799561,miyu.k1aras@gmail.com,"2026-09-05 03:29:54",0.94255,8,miyuk1arasgmailcom
442,16798810,kava1,"2026-09-06 13:03:08",0.94254,26,kava1
443,16811091,"Eymen Akb","2026-09-06 10:42:27",0.94253,11,eymenakb
444,16808093,"Raiyana Rufaida","2026-09-04 17:45:20",0.94252,2,shes1r
445,16811914,"Michael Daniel EKKA","2026-09-03 07:35:06",0.94244,4,michaeldanielioai
446,16803133,TBRTRL,"2026-09-06 10:39:40",0.94244,21,tbrtrl
447,16798622,Wildata,"2026-09-06 16:51:53",0.94241,15,wildata
448,16805628,Fabbasso,"2026-09-05 23:20:34",0.94241,4,fabrizio78
449,16810834,ArnoldRosielle,"2026-09-05 20:40:26",0.94238,3,arosielle
450,16818752,JetJetGo,"2026-09-04 13:51:25",0.94233,3,psykrishna
451,16798973,FanRuijie,"2026-09-06 10:40:03",0.94231,23,ruijiefancn04
452,16799655,AjayKumar@9391123,"2026-09-05 12:14:03",0.94228,4,ajaykumar9391123
453,16802989,"Yong Jun Fai","2026-09-03 13:42:39",0.94228,4,yongjunfai
454,16832904,Rushikesh,"2026-09-04 22:55:28",0.94226,1,rushii23
455,16817857,"Brishav Mondal","2026-09-04 06:06:39",0.94226,4,brishavmondal
456,16803015,"Marcos Silveira","2026-09-05 21:04:57",0.94225,21,msilve
457,16844525,zqh19991223,"2026-09-06 17:38:39",0.94225,1,zqh19991223
458,16820895,Sybery_AI,"2026-09-06 14:10:33",0.94224,12,syberyai
459,16802998,"Yoongdoo Noh","2026-09-05 16:58:53",0.94224,23,yoongdoonoh
460,16808689,"Stephen Tarter","2026-09-05 13:59:32",0.94220,14,stephentarter
461,16798983,malibu_orange,"2026-09-01 06:22:33",0.94218,3,malibuorange
462,16811904,"Hưng Lưu","2026-09-03 05:58:42",0.94218,5,yahhngliu
463,16813886,"Animesh Kumar","2026-09-05 15:20:13",0.94218,1,animeshuit98
464,16814800,"Darío López Ramos","2026-09-04 07:20:59",0.94215,4,dariolr
465,16799233,hirondelle_ken,"2026-09-01 06:10:54",0.94215,3,hirondelleken
466,16809585,mgoto51004,"2026-09-06 05:14:24",0.94212,9,mgoto51004
467,16799660,seung12,"2026-09-05 15:10:54",0.94212,15,seung123
468,16803041,nkmr,"2026-09-04 03:36:39",0.94212,7,nicomugilove
469,16833289,"Alejandro Lopez-Rincon","2026-09-06 17:07:24",0.94211,2,alejandrolopezrincon
470,16799947,"OJO EMMANUEL","2026-09-01 11:15:14",0.94211,6,ojoemmanuelnifemi
471,16798956,Taka-344,"2026-09-03 04:47:13",0.94210,2,taka344
472,16840628,luicaru,"2026-09-06 15:16:06",0.94210,1,luicaru
473,16805092,"Parth Sarnobat","2026-09-05 17:41:03",0.94208,7,parthsarnobat
474,16803027,"Andrea Moschetti","2026-09-03 19:50:37",0.94207,9,andreamoschetti
475,16802044,Arukyan,"2026-09-06 12:14:22",0.94206,5,arukyan
476,16823031,"Ziad Mohamed","2026-09-05 00:48:03",0.94206,7,ziadmoelsayed
477,16824679,"Akansh Verma","2026-09-05 03:55:46",0.94206,1,illuzionzz
478,16805133,"Aryan Yadav","2026-09-01 23:40:23",0.94205,1,simplexcomplex
479,16802749,PIPPI,"2026-09-06 13:55:43",0.94205,7,hayatarosu
480,16808267,"Simone Mazzoli","2026-09-05 13:17:19",0.94205,16,simonemazzoli
481,16799715,"poignant padaeng","2026-09-02 12:24:56",0.94204,1,poignantpadaeng
482,16801532,"Uğur Atlı","2026-09-01 11:15:59",0.94204,1,uuratl
483,16803201,Yuzu,"2026-09-01 22:40:41",0.94204,2,yuzuoctopus
484,16808910,"Muhammad Shoaib Altaf","2026-09-03 22:35:49",0.94203,1,muhammadshoaibaltaf
485,16801031,"yann sadowski","2026-09-01 15:47:52",0.94203,3,yannsadowski
486,16808792,"Kerem Meriç","2026-09-06 17:15:21",0.94203,4,keremmeric
487,16802048,last2k4,"2026-09-01 20:40:48",0.94203,1,last2k4
488,16800519,"Alibay Alili","2026-09-02 05:26:30",0.94203,2,alibay
489,16826989,Evander,"2026-09-06 15:46:25",0.94202,6,jiaoweishen
490,16808003,"Matilda Tasiens","2026-09-06 13:14:03",0.94202,15,matildatasiens
491,16802106,"Farid Pangestu Aji","2026-09-02 20:50:10",0.94202,8,faridpangestuaji
492,16813778,"Gorakh Nath Singh","2026-09-03 20:26:53",0.94200,1,gorakhnathsingh
493,16803062,"Sarvesh Chhetri","2026-09-06 14:31:55",0.94200,4,sarveshchhetri
494,16804981,"Emirhan Kadan","2026-09-03 21:00:06",0.94200,5,emirhankadan
495,16805395,"Alfredo Chavelas","2026-09-02 00:09:11",0.94200,6,alfredochavelas
496,16802789,DinCaus,"2026-09-06 11:49:28",0.94199,3,dincaus
497,16841179,"rahul yadav","2026-09-05 21:47:13",0.94199,2,rahullalu
498,16843048,"Deep Patil","2026-09-06 09:58:03",0.94199,2,deeppatil1
499,16827628,"Arisa Fukuda","2026-09-06 05:19:27",0.94198,2,arisafukuda
500,16802808,"Rohit Prakash Singh","2026-09-05 04:14:11",0.94198,3,rpsingh21
501,16811231,Hussain99,"2026-09-04 09:36:22",0.94197,15,hussain99
502,16799733,"Anant jain","2026-09-02 06:31:50",0.94197,4,anantjain159
503,16799138,"Malco Qoo","2026-09-06 00:17:17",0.94196,10,malcoqoo
504,16805290,Govind,"2026-09-05 13:11:01",0.94196,8,shekeloatmeal
505,16798914,"Shinichi Monden","2026-09-06 12:38:31",0.94196,10,shinichimonden
506,16810678,"Kamonashis Halder","2026-09-06 08:32:15",0.94195,2,kamonashis
507,16798705,shushushun,"2026-09-05 10:08:27",0.94195,3,shushushun
508,16828407,"SAMARTH ZAVERI","2026-09-04 21:06:48",0.94195,3,samarthzaveri
509,16838773,dak7sh,"2026-09-05 10:16:12",0.94193,2,dak7sh
510,16831283,"Bob Kunanda","2026-09-04 18:08:55",0.94193,10,bobkunanda
511,16828565,"Kalpesh Koli","2026-09-06 05:32:06",0.94193,7,knightkai
512,16827183,asterask,"2026-09-06 12:49:13",0.94193,3,cherrycokecero
513,16800055,AKASH_21_033_A,"2026-09-01 14:58:11",0.94193,5,akash21033a
514,16799188,"Tuấn Anh","2026-09-06 08:05:22",0.94192,3,tuananhdata
515,16807907,"Ababil Khoerul Imam","2026-09-02 16:15:36",0.94191,2,ababilkhoerulimam
516,16802383,"zuhal yıldırım","2026-09-02 13:34:39",0.94190,4,zuhalyldrm7
517,16807114,jdw0899,"2026-09-04 05:42:34",0.94190,1,jdw0899
518,16842110,nick.ai007,"2026-09-06 08:04:47",0.94190,3,nickai007
519,16843546,"Ilmari Leiviska","2026-09-06 14:09:51",0.94190,4,ilmarileiviska
520,16803203,oliver,"2026-09-04 17:23:35",0.94189,17,oliverlang
521,16823625,"Varadaraj Borkar","2026-09-04 04:40:17",0.94189,2,varadarajborkar
522,16802937,"Mikhail Ushakov","2026-09-01 20:12:11",0.94189,7,syndicate2k
523,16798809,yanyyyzt,"2026-09-03 15:13:53",0.94189,7,yanyyyzt
524,16799457,Akahachi,"2026-09-04 05:40:12",0.94189,2,wordcards
525,16800066,"SYED HANZALA ALI SHAH","2026-09-06 16:26:16",0.94188,20,syedhanzalaalishah
526,16798984,Abhijeet000000007,"2026-09-01 05:20:37",0.94188,1,abhijeet000000007
527,16826051,Ansh_Gupta2702,"2026-09-06 17:39:54",0.94188,12,anshgupta2702
528,16842693,dtsroy,"2026-09-06 10:27:51",0.94187,1,dtsroy
529,16807162,"Ari Yehuda Betser","2026-09-02 08:10:50",0.94187,3,ariyehudabetser
530,16798954,"Aritra Dasgupta","2026-09-01 05:45:03",0.94186,10,ardagmus
531,16801009,SunSeeker染汐,"2026-09-02 11:25:59",0.94186,2,sunseekerrx
532,16808862,Morris_kaggle,"2026-09-05 03:44:41",0.94186,8,keisukekaggle
533,16810933,"Corey Michaud","2026-09-04 00:52:40",0.94186,3,coreymichaud
534,16831000,nobuya,"2026-09-06 05:51:00",0.94185,12,kakiginobuya
535,16840156,"Nabil NOUALI","2026-09-05 17:51:11",0.94185,2,nabilnouali
536,16805142,donkedo,"2026-09-06 15:43:58",0.94185,9,donkedo
537,16806532,"Abhijit Pise","2026-09-02 08:28:38",0.94185,8,abhijitpise
538,16811766,"Yunchi Wu","2026-09-04 09:39:48",0.94185,8,yunchiwu
539,16802897,zyq277,"2026-09-02 05:20:13",0.94184,1,zyq277
540,16807990,"Anuj Saha","2026-09-06 02:47:48",0.94184,6,anujsaha0123456789
541,16817920,"Juan Oliver","2026-09-03 22:16:45",0.94184,3,juanmaoliver
542,16806667,Angelina986,"2026-09-04 13:48:27",0.94184,11,angelina986
543,16798874,"Syafrian Abra Hutabarat","2026-09-01 11:30:13",0.94184,2,syafrianabra
544,16833413,"yumi sato","2026-09-05 03:22:43",0.94184,2,yumisato1234
545,16825461,Krishnakdk,"2026-09-04 06:26:34",0.94184,9,krishnakdk
546,16841415,Osmond,"2026-09-05 23:15:34",0.94184,5,osmond20006
547,16809883,"Lorenzo Mansi","2026-09-05 13:34:09",0.94184,4,lollo0900
548,16831343,"Razan Ihab","2026-09-06 15:58:19",0.94183,1,razanihababdellatif
549,16801950,haukesteffen,"2026-09-01 14:39:48",0.94183,1,haukesteffen
550,16799984,"Erwin Huizenga","2026-09-06 16:01:23",0.94181,35,erwinh
551,16803084,"Satyam Kumar0725","2026-09-02 16:12:03",0.94181,3,satyamkumar0725
552,16799456,"Rayk Kretzschmar","2026-09-03 06:32:01",0.94181,4,raykkretzschmar
553,16815031,"Rutang Patel","2026-09-05 05:58:38",0.94180,4,rutangpatel
554,16802552,Systum_Phar_Denge,"2026-09-02 07:28:11",0.94180,6,jamiussiddiqui
555,16799076,"Do Hyun Nam","2026-09-02 00:29:59",0.94180,4,dollis
556,16802553,"Anurag malik00","2026-09-04 10:52:44",0.94180,3,anuragmalik00
557,16803310,"Mirko Caroleo","2026-09-06 16:48:09",0.94180,10,mirkocaroleo
558,16802856,"Joao Pedro Nascimento de Sousa","2026-09-01 16:37:26",0.94180,1,joaopedrosousan
559,16804087,JMAscacibar,"2026-09-04 11:22:36",0.94179,9,jmascacibar
560,16800647,Nesime,"2026-09-04 07:38:51",0.94179,4,monkeybox
561,16801049,"hyhien lu","2026-09-02 12:52:36",0.94178,1,hyhienlu
562,16806407,"Kaustubh Mukdam","2026-09-06 15:22:14",0.94178,4,kaustubhmukdam
563,16839118,"Julien Heiduk","2026-09-06 12:12:57",0.94178,7,zoupet
564,16798730,"K.THARUN KUMAR","2026-09-06 11:28:14",0.94178,4,tharunkumar369
565,16827009,dosomethingbetter,"2026-09-04 07:17:03",0.94178,1,dosomethingbetter
566,16833189,DD_AI_Studio,"2026-09-05 06:06:33",0.94178,2,ddaistudio
567,16805465,mike_L,"2026-09-01 22:49:54",0.94177,7,mikeloncaric
568,16810998,"De Marchi Fabio","2026-09-06 11:57:31",0.94177,1,obiaf88
569,16811961,"Fil Thinh","2026-09-03 10:23:36",0.94177,10,filthinh
570,16818709,khanhtran,"2026-09-04 07:22:25",0.94177,12,carlostran
571,16811586,rlrlrlrlrl,"2026-09-04 06:50:48",0.94176,1,rlrlrlrlrl
572,16798798,BrentL,"2026-09-03 04:43:12",0.94176,3,brentl
573,16843247,"Gunnika Aggarwal","2026-09-06 16:14:47",0.94176,8,gunnikaggarwal
574,16806569,"Ramuni Lalith Vishnu","2026-09-06 12:30:49",0.94175,1,ramunilalithvishnu
575,16812667,AaradhyaGupta,"2026-09-03 04:45:51",0.94175,1,aaradhyaguptaai
576,16802729,"Akash Jadhav","2026-09-02 11:41:42",0.94175,2,EagleOnAI
577,16809871,"Rimba Erlangga","2026-09-05 18:58:47",0.94175,30,rimbax
578,16806555,Dev_Patel,"2026-09-02 07:36:03",0.94174,2,devpateldev
579,16842541,Rutang,"2026-09-06 09:28:44",0.94174,1,rutang2
580,16842490,"AYi GUO","2026-09-06 13:18:20",0.94174,3,ayiguo
581,16809706,"Parth Kumbhar","2026-09-03 19:11:45",0.94174,2,parthkumbhar131106
582,16811806,"Waihei Yuk","2026-09-03 06:02:27",0.94174,1,waiheiyuk
583,16798921,"Mehreen Rahman","2026-09-01 16:56:24",0.94174,1,mehreenrahman
584,16808308,"Edosuyi Enosakhare","2026-09-04 09:11:18",0.94172,7,edosuyienosakhare
585,16830827,"Quantum Autumn","2026-09-06 10:38:06",0.94172,15,autumnquantum
586,16802932,"Nicole Patterson","2026-09-04 16:02:34",0.94172,1,nicolepatterson8910
587,16803386,Jatin,"2026-09-04 09:51:33",0.94172,2,jatinkumar2005
588,16802079,"Soichiro Shido","2026-09-01 10:05:49",0.94172,1,soichiroshido
589,16798799,"KOUSHIK KUMAR DINDA","2026-09-01 03:36:18",0.94171,1,koushikkumardinda
590,16822784,"mattéo Mathis","2026-09-04 23:05:31",0.94171,5,mattomathis
591,16841249,Royal_Mustaches,"2026-09-05 20:11:01",0.94171,1,royalmustaches
592,16802216,zouxiheng,"2026-09-01 14:35:26",0.94170,10,zouxiheng
593,16798876,daihui16,"2026-09-01 02:30:29",0.94170,1,cmt1127
594,16799785,HuiJuan.Yu,"2026-09-01 08:18:09",0.94170,4,chuyuni
595,16810744,"Muhammad Adnan Shahzad","2026-09-02 21:48:27",0.94170,1,muhammadadnanshahzad
596,16808354,"Hifza Ansari","2026-09-03 12:21:51",0.94170,1,hifzaansari
597,16838817,"Roy Smith","2026-09-05 08:57:49",0.94169,2,roysmithkkkkkkkkk
598,16802326,"Avik Das","2026-09-02 06:11:07",0.94169,2,avikdas567
599,16799185,"Satyajeet Kumar","2026-09-01 06:01:13",0.94169,2,m4rcuseryx
600,16828595,"Keep Motivated","2026-09-04 11:44:40",0.94169,2,keepmotivated
601,16803985,"Seungjun Lee","2026-09-02 00:26:07",0.94169,1,seungjunleeofficial
602,16802681,Fousekhs,"2026-09-01 12:56:08",0.94169,1,fousekhs
603,16799546,"Sean Connolly","2026-09-02 02:48:38",0.94169,4,seanconnolly
604,16800537,e271828,"2026-09-02 01:15:14",0.94169,4,e271828ai
605,16808970,"Татьяна Кафьян","2026-09-03 13:40:03",0.94169,4,kafyantatyana
606,16799649,DongJunKim,"2026-09-01 11:12:13",0.94169,4,kkiljh
607,16808986,Yukino487,"2026-09-02 14:52:37",0.94168,4,yukino487
608,16798715,Catadanna,"2026-09-01 09:58:12",0.94168,7,catadanna
609,16802621,Sarthak,"2026-09-03 18:15:55",0.94168,4,sarthak914
610,16835960,kansyo,"2026-09-06 10:35:19",0.94168,1,kansyo
611,16817493,yihang1717,"2026-09-04 12:58:02",0.94168,1,yihang1717
612,16815012,RayHuang,"2026-09-03 12:15:48",0.94168,4,rayhuang0124
613,16808044,cropperash,"2026-09-04 08:46:46",0.94168,11,cropperash
614,16809348,Mrsalty,"2026-09-02 13:19:22",0.94167,1,mrsaltyx
615,16800643,Shivam,"2026-09-06 09:02:43",0.94167,3,shivamgravity
616,16809973,TobiST10,"2026-09-05 19:06:10",0.94167,14,tobist10
617,16818882,"Abdallah Hashad","2026-09-05 19:59:59",0.94167,2,abdallahhashad0
618,16798955,skbhai07,"2026-09-02 10:22:17",0.94167,1,skbhai07
619,16842160,ricky5932,"2026-09-06 12:57:10",0.94167,3,ricky5932
620,16832693,"Oktavian Prasetya Adi","2026-09-06 05:55:57",0.94166,6,oktavianprasetyaadi
621,16808674,"Vignesh Nehru","2026-09-03 11:28:08",0.94166,1,vigneshnehru
622,16822295,"S Fukushi","2026-09-06 06:21:52",0.94166,1,sfukushi
623,16806342,"Umar Tabbsum","2026-09-02 04:15:41",0.94166,1,umartabbsum
624,16798898,"David Guzzi","2026-09-03 23:54:40",0.94165,3,davidguzzi
625,16799630,"Rohit Kumar","2026-09-06 05:02:54",0.94165,14,rohit4468
626,16827146,wanglei,"2026-09-04 10:22:05",0.94165,5,wellywelly
627,16799031,Ye,"2026-09-06 09:10:59",0.94165,1,gimgoon
628,16810013,rainday,"2026-09-02 15:42:17",0.94164,1,leezhenhong10
629,16817843,"Dannya AbdulHadi","2026-09-03 09:50:41",0.94164,1,dannyaabdulhadi
630,16806707,"Bissultanov Yernar","2026-09-04 12:03:52",0.94164,1,deasoffice
631,16799759,hideaki_mizoue,"2026-09-01 06:53:36",0.94164,1,hideakimizoue
632,16808343,"Ukasha Nadeem","2026-09-04 11:50:42",0.94164,9,ukashanadeem
633,16800057,Sofia_Gilka,"2026-09-06 08:42:28",0.94164,2,sofiagilka
634,16841935,ytani,"2026-09-06 11:58:00",0.94164,3,dreamvly
635,16799363,"Jay Soni","2026-09-03 06:19:16",0.94164,3,jaysoni4
636,16798617,"Anim Samuel K.","2026-09-03 03:42:35",0.94163,4,animsamuelk
637,16826542,mascham,"2026-09-04 10:20:57",0.94163,2,nchamid
638,16799475,ZiYiMing,"2026-09-03 05:03:06",0.94163,3,ziyiming
639,16838719,Residual,"2026-09-06 15:23:48",0.94163,5,debrupsarkar30111
640,16818252,"Wondering Luffy","2026-09-03 11:38:59",0.94163,9,anhadmh
641,16803089,"Bogdan Doicin","2026-09-06 10:12:17",0.94163,30,bogdandoicin
642,16840271,"Pedro Rafael Sousa","2026-09-05 16:56:42",0.94162,2,pedrorafaelsousa
643,16806591,"Dear Shark","2026-09-02 04:55:23",0.94161,1,dearshark
644,16818169,"Vinitha Raj","2026-09-06 11:43:39",0.94161,4,vinurajesh
645,16834874,lumarigoz,"2026-09-06 03:01:07",0.94161,1,lumarigoz
646,16806946,"Srishti Gauraha","2026-09-03 04:50:19",0.94160,4,srishtigauraha
647,16820717,Dexter_ML,"2026-09-03 15:35:24",0.94160,2,dexterml
648,16799638,"Chaitanya Jamble","2026-09-01 06:24:58",0.94160,4,chaitanyajamble
649,16804927,"Krishna Mohan","2026-09-01 18:32:39",0.94159,1,km2006
650,16819773,dongfangdaguo,"2026-09-04 14:37:43",0.94159,2,dongfangdaguo
651,16815208,"jason vetter","2026-09-05 04:39:45",0.94159,1,jasonvetter
652,16799741,"Abhishek Mishra112","2026-09-03 13:10:53",0.94159,2,abhishekmishra112
653,16799537,dig987,"2026-09-01 10:33:12",0.94159,1,digvijayahirrao
654,16812070,"Shuta Takano","2026-09-06 12:00:59",0.94158,3,shutatakano
655,16811217,"Maks Prinko","2026-09-03 15:49:51",0.94158,1,maksprinko
656,16805225,Tigerpiotta,"2026-09-01 19:53:50",0.94158,1,tigerpiotta
657,16807309,stpete_ishii,"2026-09-03 05:42:31",0.94157,7,stpeteishii
658,16839987,"Dalia Mowafy","2026-09-06 09:08:09",0.94157,2,daliamowafy7
659,16806154,"Arun Kumar Oraon","2026-09-02 04:52:12",0.94157,1,arunkumaroraon
660,16839965,"Sairaj Adhav","2026-09-06 10:27:09",0.94157,4,sai10py
661,16814770,ShivamSharma,"2026-09-05 02:57:02",0.94157,2,shivamsharma89989880
662,16809235,"Factual Explorer","2026-09-04 14:11:38",0.94157,1,factualexplorer
663,16811275,"Leonardo Melniski","2026-09-03 01:18:08",0.94157,1,leonardomelniski
664,16809110,anonymous134275,"2026-09-03 09:25:13",0.94157,13,anonymous134275
665,16830896,Prasanna,"2026-09-04 14:04:01",0.94157,2,prasanna25
666,16841417,SANTOS,"2026-09-05 23:11:51",0.94156,2,sandocorp23santos
667,16841004,"Husain Bohra","2026-09-06 08:23:36",0.94156,1,husainbohra05
668,16843254,zfzflzf,"2026-09-06 13:10:34",0.94156,1,zfzflzf
669,16816738,Kapil,"2026-09-04 05:20:52",0.94156,10,kapil3
670,16799082,江口ゼミ,"2026-09-03 02:00:53",0.94156,1,"boritannsenzinn,ublfublf"
671,16804938,Koostik126,"2026-09-01 20:50:55",0.94156,1,kostya138
672,16811627,traumt,"2026-09-03 01:39:24",0.94155,1,traumt
673,16825802,"geeta bamhane","2026-09-04 06:08:26",0.94155,1,geetabamhane
674,16809681,"Tráng Phùng Văn","2026-09-03 17:16:21",0.94155,1,phungtrang
675,16831212,Ben,"2026-09-06 04:47:35",0.94154,2,shadowjr
676,16810323,"Riya Raj","2026-09-04 12:12:13",0.94154,5,riyaraj9
677,16802874,"mariko f.","2026-09-02 14:30:37",0.94154,3,marikof
678,16832958,mohamedahmed,"2026-09-05 18:52:32",0.94153,4,markeb
679,16802751,"Hamza Nazim Siddiqui","2026-09-05 14:07:22",0.94153,7,"dtdoww,shreyashsiddharth"
680,16806526,"Prince Radadiya","2026-09-03 12:18:52",0.94153,5,princeradadia
681,16802771,"Gyanendra Singh Yadav","2026-09-01 14:26:39",0.94153,2,gyanendrasinghyadav
682,16810411,"aggressive_elimination = True","2026-09-05 21:22:39",0.94152,2,"mcprorolexs,paperxd"
683,16807809,"Vlad Baranceanu","2026-09-02 08:32:49",0.94152,1,vladbaranceanu
684,16843958,Rohan,"2026-09-06 16:54:50",0.94151,4,mathleteutd
685,16803048,"yoshiomi shimazu","2026-09-06 14:23:57",0.94151,1,yoshiomishimazu
686,16832052,Dhruv1029,"2026-09-04 18:14:58",0.94151,1,dhruv1029
687,16806192,EmmaL09,"2026-09-03 00:54:57",0.94150,3,emmal09
688,16826984,"Olivia Redd","2026-09-04 10:02:45",0.94150,1,oliviaredd
689,16814953,ypl0lpy,"2026-09-03 08:14:17",0.94150,1,ypl0lpy
690,16816456,tuko_tanzwoo,"2026-09-03 17:55:35",0.94150,3,tukotanzwoo
691,16829721,"Manushi Bombaywala","2026-09-04 11:34:41",0.94150,1,manushibombaywala
692,16798564,"Ιωάννης Σταμελιάς","2026-09-03 13:47:24",0.94150,3,giannhsstamelias
693,16799782,"Diogo R. Ferreira","2026-09-01 11:35:25",0.94150,4,diogoff
694,16808747,"Александр Трифонов","2026-09-02 13:16:50",0.94150,1,cybrvibe
695,16811853,"SOUSSOU Koffi Désiré","2026-09-04 03:59:54",0.94150,2,soussoukoffidsir
696,16800048,okuub11,"2026-09-01 08:31:04",0.94150,1,okuub11
697,16800003,Itpl16,"2026-09-01 15:44:15",0.94149,4,itpl16
698,16802686,"Argus Kern","2026-09-01 12:10:54",0.94149,1,arguskern
699,16827498,zhangby5555,"2026-09-04 08:26:19",0.94148,1,zhangby5555
700,16805629,"Bikhyat Adhikari","2026-09-02 02:24:47",0.94148,1,bikhyatadhikari
701,16811109,DaTaro,"2026-09-03 15:41:45",0.94147,4,starokes
702,16804934,"Shayan Zulfiqar","2026-09-04 16:21:51",0.94147,7,shayanzk
703,16841262,"Yahaya Kabir","2026-09-06 12:25:18",0.94147,1,yahayakabir02
704,16828419,"gui shan111","2026-09-04 09:35:06",0.94146,1,guishan111
705,16804064,PANDEY21,"2026-09-02 17:43:45",0.94146,1,vivek2113
706,16799718,"Vishal Kishore","2026-09-02 13:36:45",0.94146,1,kishorevishal
707,16838768,400297-จีระศักดิ์,"2026-09-05 10:37:18",0.94146,2,jeerasakananta
708,16829671,Meri_Petrosyaaann,"2026-09-05 18:02:27",0.94145,6,meripetrosyaaann
709,16799469,Lelouch,"2026-09-01 13:12:21",0.94145,1,aayushh13
710,16821861,"Mohammed Majeed","2026-09-05 15:51:44",0.94144,1,mojjeed
711,16814169,Raphdraft,"2026-09-03 09:21:11",0.94144,1,raphdraft
712,16809829,"Tatsuya Aramaki","2026-09-06 11:34:01",0.94143,3,tatsuyaaramaki
713,16809429,"samhith nadig","2026-09-03 10:46:51",0.94143,1,samhithnadig
714,16839058,রোদশী,"2026-09-05 08:56:25",0.94143,1,nuzhatbintenazim
715,16844094,fragcoder,"2026-09-06 16:09:00",0.94143,1,fragcoder
716,16839263,SHIFT_R,"2026-09-05 10:00:54",0.94143,1,ryoichiro
717,16817901,"Praful Tiwari1","2026-09-06 09:40:47",0.94142,23,prafultiwari1
718,16831046,"jukai zhu","2026-09-05 02:37:47",0.94142,1,jukaizhu
719,16809976,"Esma Oğuz","2026-09-02 20:59:07",0.94142,3,eoguzz
720,16805343,"Andre Endress","2026-09-04 16:18:42",0.94142,2,andreendress
721,16804526,"SAMPAT PRAJAPAT","2026-09-03 12:33:32",0.94142,2,sampatprajapat
722,16809492,"Mohamed Youssef","2026-09-05 22:02:33",0.94142,6,mhmd1424
723,16811442,"Estevao Smith","2026-09-03 00:51:35",0.94142,1,estevaosmith
724,16805930,"Duyen Nguyen","2026-09-02 01:47:33",0.94141,1,catherine246
725,16831836,"Ayşe Yaşar","2026-09-04 20:21:16",0.94141,3,ayeyaar
726,16815045,_AshwinMahawar_,"2026-09-03 11:01:10",0.94141,1,ashwinmahawar
727,16822467,IDK_409,"2026-09-03 16:47:46",0.94141,1,idk409
728,16802526,"Mala Yadav","2026-09-04 03:35:55",0.94141,3,mail2malayadav
729,16799442,"Raghav Sharma 2002","2026-09-02 09:42:00",0.94140,1,raghavsharma2002
730,16804884,"Robby Internet","2026-09-01 18:09:21",0.94140,2,robbyinternet1
731,16835567,"Chani Leon","2026-09-06 03:00:06",0.94140,4,leonchani
732,16799745,"Kübra Arığ","2026-09-02 07:19:44",0.94140,4,kbraar
733,16798754,Matts6591,"2026-09-02 12:25:18",0.94139,3,mathwithmatt
734,16813111,Annekyl,"2026-09-03 05:38:08",0.94139,3,annekyl
735,16811006,yuuu-okazaki,"2026-09-02 21:15:18",0.94139,1,yuuuokazaki
736,16823045,"Akanksha Sahai","2026-09-03 22:31:35",0.94139,2,akgoesplaces
737,16807740,"Latent Drive","2026-09-05 04:24:23",0.94138,1,carlmakt
738,16806097,"Krishna Anandan Ganesan","2026-09-02 02:58:56",0.94138,2,vulcanpint
739,16801812,"Jonathan Gusching","2026-09-01 12:57:24",0.94138,6,jonathangusching
740,16809591,"Saurab Godse","2026-09-02 14:34:34",0.94138,1,godsesaurab
741,16819730,"Robo Maven","2026-09-03 14:28:44",0.94138,1,robomaven
742,16826579,xuanxuan496,"2026-09-05 13:34:09",0.94138,1,xuanxuan496
743,16839583,"Jordan Mukaddam","2026-09-05 12:10:09",0.94137,1,jordanmukaddam
744,16803617,VGekko,"2026-09-01 16:43:40",0.94137,1,vgekko
745,16842264,"ZHANG CHUNJIE","2026-09-06 06:53:00",0.94137,1,nemonade
746,16803260,Kareem,"2026-09-02 13:48:39",0.94137,2,kareemmourad
747,16824996,"Aditya kumar Jha","2026-09-04 06:15:34",0.94137,1,adityakumarjha08
748,16828688,"All over the golf","2026-09-04 12:04:20",0.94136,7,alloverthegolf
749,16827487,JKTAN827,"2026-09-05 01:03:43",0.94136,4,jktan827
750,16840039,karthickraja,"2026-09-05 17:42:39",0.94136,3,karthickrajas
751,16810012,"Aryan Gupta","2026-09-04 04:20:04",0.94136,2,abacilla
752,16799222,izumi600,"2026-09-01 09:09:00",0.94136,4,izumi600
753,16840226,"Suyog Bewle","2026-09-05 19:43:35",0.94136,1,suyogbewle
754,16800049,"Hoshi Hinata","2026-09-01 09:18:44",0.94135,1,hoshihinata
755,16843656,"Raju Sah","2026-09-06 13:33:30",0.94135,3,rajucode
756,16810673,"BT boilerplate","2026-09-02 20:29:31",0.94135,1,btboilerplate
757,16839769,WUGAWUGA2,"2026-09-06 13:03:15",0.94134,2,wugawuga2
758,16806164,SaipraneethReddyOne,"2026-09-02 02:51:54",0.94133,1,saipraneethreddyone
759,16816958,"Zobayer Abdullah","2026-09-03 10:22:58",0.94133,2,zobayerabdullah
760,16835635,messibeatgravity,"2026-09-05 03:43:41",0.94133,1,messibeatgravity
761,16823623,"Jocelyn Dumlao","2026-09-06 05:59:23",0.94132,1,jocelyndumlao
762,16842209,Soham_Deshpande,"2026-09-06 06:00:47",0.94132,1,sohamdeshpande11
763,16801836,DevashishSoni123,"2026-09-01 18:47:48",0.94131,1,devashishsoni123
764,16822873,hkassimi,"2026-09-04 13:37:57",0.94130,1,hkassimi
765,16807955,acw511,"2026-09-02 08:34:11",0.94130,2,acw511
766,16843778,"riko okada","2026-09-06 13:42:59",0.94129,1,leehu2837
767,16823975,GN,"2026-09-05 18:02:26",0.94129,2,gns100
768,16799430,"Zanan Pech","2026-09-02 17:37:42",0.94129,2,zananpech
769,16802105,"SN JAI VISHNU","2026-09-03 09:56:37",0.94128,2,"jaivishnu2006,saiharishsaids,svimalrajan"
770,16802071,Karan,"2026-09-05 17:07:11",0.94128,5,karan9351
771,16822559,"Muntasir Mamun396","2026-09-04 14:54:19",0.94128,2,muntasirmamun396
772,16832701,"Aikantic Maitra","2026-09-05 16:04:53",0.94127,3,aikanticmaitra
773,16798823,privatebell,"2026-09-04 10:54:30",0.94127,1,privatebell
774,16806818,"Nidhi Tiwari","2026-09-03 04:00:39",0.94126,1,nidhitiwari4
775,16826564,Karrenay,"2026-09-06 02:49:13",0.94126,2,karrenay
776,16807250,"Arin Avanoosyan","2026-09-02 21:51:46",0.94125,2,arinavanoosyan
777,16806403,"Subhobrata Dey","2026-09-04 10:35:13",0.94124,3,sbcd90
778,16807687,Dawnej,"2026-09-06 12:58:37",0.94124,3,dawnej
779,16842401,Nidhal,"2026-09-06 12:26:29",0.94123,3,znidhal
780,16805897,kunal_singh,"2026-09-02 15:22:53",0.94123,1,kunalsingh100
781,16799500,"Muhammad Awais Tariq","2026-09-06 02:33:36",0.94122,2,muhammadawaistariq87
782,16801470,"Rohan Dsouza","2026-09-01 09:24:01",0.94122,1,rohandsouza003
783,16802288,a3amaT02,"2026-09-06 03:43:38",0.94122,6,a3amat02
784,16803904,"NAGIREDY SURYA","2026-09-03 15:24:29",0.94122,5,nagiredysurya
785,16799135,"Aqib Raza","2026-09-01 04:02:20",0.94121,1,aqibrazadev
786,16809386,"Shobhit kumar","2026-09-03 08:23:06",0.94121,1,shobhitkumar29
787,16823765,"Arda Baran Baytar","2026-09-04 02:32:04",0.94119,1,ardabaranbaytar
788,16839214,field996,"2026-09-06 01:36:13",0.94118,1,field996
789,16822737,"Shaurya Handu","2026-09-03 18:26:58",0.94117,2,shauryahandu
790,16844031,"Hansen Zhong","2026-09-06 15:51:43",0.94116,2,onegameonedream
791,16814657,"Akash Prajapati 01","2026-09-04 11:38:51",0.94116,1,akashprajapati01
792,16828094,兄弟陪我同甘共苦，我就变同甘苦兄弟,"2026-09-04 10:18:41",0.94116,1,"typh0000n,yuanzhihao030605"
793,16823225,Aurrog,"2026-09-06 17:19:40",0.94116,2,aurrog
794,16803861,jakeyjokey,"2026-09-01 17:33:47",0.94115,4,jakeyjokey
795,16802042,"Praveen Kumar Mohan","2026-09-02 14:56:39",0.94115,1,praveenkumar1818
796,16805389,"Emir Delipınar","2026-09-01 20:55:22",0.94114,3,emirdelipnar
797,16802702,"Lis Hdez","2026-09-03 14:27:09",0.94113,3,lishdez
798,16828977,flag_06,"2026-09-06 12:21:12",0.94111,6,flag06
799,16799355,"Mr Robot","2026-09-01 06:16:42",0.94110,3,hngnguynnn
800,16839806,"Довыдовский Назар","2026-09-05 18:20:56",0.94110,1,nazzzrr
801,16807196,i-za-world,"2026-09-03 03:53:17",0.94109,1,kizawa
802,16810459,"Hoso Badalyan","2026-09-02 18:35:49",0.94108,2,hosobadalyan
803,16805233,"Ryan Dave Fernandes","2026-09-06 08:23:47",0.94107,5,ryandavefernandes
804,16810461,"Bekama Regasa Negewo","2026-09-03 06:20:41",0.94107,1,bekamaregasanegewo
805,16808632,"Emmanuel Felix","2026-09-02 14:39:40",0.94105,1,manuelfelix
806,16832100,Stormy.kaggle,"2026-09-04 19:08:15",0.94105,2,stormykaggle
807,16803869,"Kevin Villeda De Leon","2026-09-01 17:50:31",0.94102,4,kevinvilledadeleon
808,16799847,有浦大貴,"2026-09-05 09:16:59",0.94101,7,taikiariura
809,16823320,"Orlando Virginio Penha Junior","2026-09-04 17:30:20",0.94100,1,orlandovpjunior96
810,16840476,Qingge96,"2026-09-05 16:39:49",0.94100,1,qingge96
811,16802689,"Andrey K.","2026-09-01 16:49:02",0.94100,3,heelhook
812,16803239,"Mohammed Nafay Ali","2026-09-03 04:12:04",0.94100,2,mohammednafayali
813,16810465,DavitPoghosyan2007,"2026-09-04 16:42:52",0.94100,2,davitpoghosyan2007
814,16826596,陈思危大王,"2026-09-04 07:33:32",0.94099,1,csw2023302141216
815,16806021,"Yung Kam Lun","2026-09-02 05:49:58",0.94097,1,yungkamlun
816,16808968,"Aditya Kamtikar","2026-09-02 13:55:41",0.94097,2,adityakamtikar
817,16805610,"Marie Victoire IPOUK","2026-09-02 22:19:11",0.94097,2,marydata
818,16798912,"Elnur Bairamov","2026-09-06 03:36:21",0.94095,1,elnurbairamov
819,16805711,shinchisaito,"2026-09-02 01:01:03",0.94095,1,shinchisaito
820,16799075,"Monique Senjaya","2026-09-01 09:56:42",0.94094,2,moniquesenjaya
821,16829765,"George Othon","2026-09-06 01:26:16",0.94092,12,georgeothon
822,16806684,"Akmal Azzam o'g'li","2026-09-02 09:40:16",0.94091,7,akmalmir
823,16802685,"Luca Lullo","2026-09-01 13:00:20",0.94090,2,lucalullo
824,16806304,ayaka.ohnishi,"2026-09-02 07:04:35",0.94090,1,ayakaohnishi
825,16823491,Dana,"2026-09-03 21:10:38",0.94089,1,de3xie
826,16803809,ElenaSuperWoman,"2026-09-01 16:28:28",0.94089,1,elenasuperwoman
827,16807388,"Minh Đăng Lê","2026-09-03 03:19:06",0.94087,1,minhngle
828,16809987,ManuelArt,"2026-09-05 22:20:30",0.94087,3,manuelart
829,16840715,"SaiPrasanth S Naidu","2026-09-05 20:23:13",0.94087,3,saiprasanthsnaidu
830,16802354,"Alikhan Gavrilov","2026-09-03 11:59:43",0.94086,2,alikhangavrilov
831,16800841,OmeiOgami,"2026-09-01 11:14:29",0.94085,3,omeiogami
832,16802086,Prakash,"2026-09-05 06:12:33",0.94080,10,mlkash
833,16828069,"LETS GO!","2026-09-04 14:08:57",0.94078,1,sohamsavalekar
834,16828370,"Antonio Paul","2026-09-04 17:05:32",0.94074,1,antoniopaul
835,16842182,"KO OKADA","2026-09-06 05:27:17",0.94071,1,kouokada
836,16798919,"Gopi Krishnan R","2026-09-01 16:55:00",0.94068,1,gopikrishnan2005
837,16814301,"Nilesh Singh","2026-09-04 07:14:22",0.94067,1,nileshsingh09
838,16805227,"Lucius Neo","2026-09-04 16:54:23",0.94062,1,lucius000
839,16808614,imjamj01,"2026-09-06 06:18:55",0.94061,13,takemayuj01
840,16809424,"Doodle Peach","2026-09-03 14:25:58",0.94060,1,doodlepeach
841,16803280,"Pixel Pirates","2026-09-06 14:53:33",0.94060,4,"ayushkumawat108,kamalkata,piyush419"
842,16799219,Samekto,"2026-09-01 03:57:47",0.94060,2,samekto
843,16842405,"Arnav Shendurnikar","2026-09-06 07:01:33",0.94060,2,arnavshendurnikar
844,16799853,"Aum Patel 131","2026-09-02 03:56:00",0.94058,9,aumpatel131
845,16832489,"Sarp Esenli","2026-09-04 20:38:31",0.94057,1,sarpda
846,16838545,"Văn FIFA","2026-09-06 01:37:48",0.94056,1,vnfifa
847,16807887,wcsarita,"2026-09-04 04:20:02",0.94056,1,wcsarita
848,16810453,"Arsen Ishkhanian","2026-09-02 18:32:02",0.94054,1,arsenishkhanian
849,16808827,"Joel Rautavaara","2026-09-02 12:40:48",0.94050,1,joelrautavaara
850,16812617,fixedstarK,"2026-09-03 17:14:21",0.94047,1,koseikaida
851,16806595,chuan-chih,"2026-09-03 06:27:07",0.94046,3,meowlu
852,16804919,"Hashir Shaikh","2026-09-02 18:13:40",0.94034,6,hashirmnaeem
853,16799449,Dhol_Aman,"2026-09-01 06:21:50",0.94030,1,dholaman
854,16817864,ultrayyy,"2026-09-05 09:26:24",0.94023,2,ultrayyy
855,16808999,Magnus,"2026-09-04 09:42:07",0.94022,2,plshelpme
856,16798953,Obzngs,"2026-09-04 12:16:10",0.94020,4,obzngs
857,16842799,VaishnxviUchiha_,"2026-09-06 09:40:02",0.94019,2,vaishnxviuchiha
858,16800206,KenRit,"2026-09-03 10:41:34",0.94016,1,kenrit
859,16802770,s22990038,"2026-09-06 00:17:32",0.94009,7,s22990038
860,16827814,ShivanshDut,"2026-09-04 11:00:31",0.94003,3,shivanshdut
861,16803006,DDQQ,"2026-09-04 13:10:50",0.93994,6,onjrey
862,16839666,"Yash Aswale","2026-09-05 20:40:44",0.93992,3,yashloq779
863,16810931,DP,"2026-09-06 16:50:57",0.93985,13,dmitrypimenov99
864,16842123,"Vecheslav Eremeev","2026-09-06 05:36:57",0.93980,1,lorddiablo74
865,16805185,"Juan Felipe Huan Lew Yee","2026-09-06 03:52:30",0.93969,1,felipelewyee
866,16802827,"Mina Niazizadeh","2026-09-01 16:23:38",0.93963,5,mina8888
867,16798887,Danjas,"2026-09-05 06:24:01",0.93960,1,danjas
868,16811462,really?,"2026-09-05 01:35:47",0.93958,1,udaken10
869,16832543,"Tyler C","2026-09-04 20:56:42",0.93956,1,trc204
870,16807901,"Tracy Porter","2026-09-02 15:37:45",0.93945,1,tracyporter
871,16805256,"Manuk Mkheyan","2026-09-02 18:36:04",0.93937,3,manukmkheyan
872,16799015,kitayama,"2026-09-04 08:38:56",0.93936,1,kkityama
873,16802309,funtik,"2026-09-04 14:16:33",0.93925,5,"arsenyvetkasov,brattsew"
874,16831119,"MSAADI ABDELLAH","2026-09-05 01:10:05",0.93886,3,msaadiabdellah
875,16833077,"Thomas Deng","2026-09-04 23:23:41",0.93881,1,tdeng24
876,16843576,Chandrashekar,"2026-09-06 16:46:46",0.93873,1,hermitsays
877,16841059,"Ярослав Третьяк","2026-09-05 19:07:00",0.93858,1,berch123
878,16810130,Sivu_Nzimeni,"2026-09-06 16:53:19",0.93839,8,sivunzimeni
879,16799322,"Shubham Nayak","2026-09-01 14:47:00",0.93828,5,cyborgnayak
880,16808752,Tom8710,"2026-09-06 02:51:41",0.93822,5,tomactlog
881,16830307,"Padamata Dhanush","2026-09-06 13:09:10",0.93799,1,padamatadhanush
882,16808435,Barbagrande007,"2026-09-05 12:43:34",0.93797,3,barbagrande007
883,16815407,"SIVA S","2026-09-06 15:07:39",0.93795,40,codingmaster24
884,16814031,"Anis Rashidov","2026-09-03 14:05:14",0.93788,4,anrash001
885,16805325,"Monesh Satheeswaran","2026-09-01 20:10:51",0.93786,1,moneshsatheeswaran
886,16808487,momomoran,"2026-09-02 14:07:33",0.93781,1,momomoran
887,16804363,GurSimran,"2026-09-01 19:38:28",0.93775,2,gurseeon
888,16805461,OTA_1,"2026-09-06 04:30:22",0.93767,2,"creativesxtra,dolajyd,johnjojewale"
889,16829784,"Tyom Papiyan","2026-09-04 12:41:49",0.93767,2,tyompapiyan
890,16827597,"Harsh Saharan","2026-09-06 15:25:25",0.93767,1,harshsaharan001
891,16810186,"Kishore Kannan","2026-09-04 07:26:15",0.93747,6,kishorekannan123
892,16826461,"Debojyoti Basu","2026-09-05 13:53:55",0.93743,1,debojyoti29basu
893,16823209,Lynatine,"2026-09-04 19:50:47",0.93738,1,lynatine
894,16810433,"Faruk Alıç","2026-09-02 20:00:51",0.93738,2,farukal
895,16799358,"Faria Shahid","2026-09-04 09:21:00",0.93738,1,fariashahid
0,16714052,baseline_submission.csv,"2026-08-12 18:43:47",0.93738,1,
896,16798667,"Taylor S. Amarel","2026-09-02 16:47:53",0.93738,1,taylorsamarel
897,16809666,Ksuke29,"2026-09-03 06:14:53",0.93738,2,keisuke20040529
898,16832247,"Diya Patel","2026-09-04 18:15:41",0.93737,1,diyapatel02
899,16798774,"Chih-Neng Tung","2026-09-01 03:10:54",0.93737,1,chihnengtung
900,16824877,DwijitDasari,"2026-09-04 13:11:42",0.93737,1,dwijitdasari
901,16802654,"Dmitry C4be","2026-09-01 12:52:57",0.93737,1,dmitryc4be
902,16838875,rsIntelligence,"2026-09-05 07:42:40",0.93737,1,rsintelligence
903,16841618,"Avnish Ahlawat","2026-09-06 02:12:51",0.93737,1,avnishahlawat
904,16823647,"Christian F. Badillo H.","2026-09-04 02:47:57",0.93737,2,christiaanfbadilloh
905,16809231,"Takayanagi Sensei","2026-09-04 15:34:38",0.93736,4,takayanagisensei
906,16802394,"LEVAN KANKADZE","2026-09-01 11:16:43",0.93735,1,synchrocyclotron
907,16829681,"Adrian Luu","2026-09-04 13:07:48",0.93731,2,adrianluu
908,16820326,benpython,"2026-09-03 16:27:23",0.93713,2,benlepers
909,16842307,"Deepti Singh","2026-09-06 12:26:08",0.93710,1,deeptisingh3004
910,16822910,"Amit Roy Antu","2026-09-04 08:48:01",0.93702,2,amitroyantu
911,16803920,seamanc2016,"2026-09-05 03:55:37",0.93701,1,seamanc2016
912,16808966,"kaka m8n","2026-09-03 18:20:08",0.93701,1,kakam8n
913,16818530,"Mohamed HADRICH","2026-09-03 12:56:04",0.93667,4,mohamedhadrich01
914,16805226,JiatongLi,"2026-09-02 21:40:56",0.93665,1,jenniferjtli
915,16840413,medraddaoui,"2026-09-06 17:53:55",0.93661,3,medraddaoui
916,16825759,"Nagendra Gouda 125","2026-09-06 07:49:20",0.93655,2,nagendragouda125
917,16841130,"ADITYA UPADHYAY","2026-09-06 17:06:26",0.93652,1,realaduop
918,16799198,cygnusterbang,"2026-09-01 07:26:30",0.93422,1,cygnusterbang
919,16802806,Akniet,"2026-09-01 16:02:23",0.93332,1,aknietkusmoldayeva
920,16805481,"Leon Makaryan","2026-09-01 21:54:59",0.93324,1,leonmakaryan
921,16804845,"abd el moujib","2026-09-01 20:31:18",0.93317,1,abdelmoujib
922,16803754,"Priyanka Asthana","2026-09-02 17:54:28",0.93266,5,priyankasthana
923,16809007,"Krishna Mahajan","2026-09-02 18:16:31",0.93228,1,krishna17311
924,16804793,algyier,"2026-09-03 18:59:50",0.93056,2,zyatro09
925,16802704,"Jun Nohara","2026-09-02 11:20:29",0.93051,1,junnohara
926,16831284,"Yuduo Wu","2026-09-05 03:47:21",0.93032,1,yuduowu
927,16806874,DhruvPatel0113,"2026-09-02 07:58:38",0.92756,1,dhruvpatel0113
928,16807148,"Zhong Yige","2026-09-02 07:18:52",0.92581,1,zhongyige
929,16801819,PHKSE7D39,"2026-09-03 07:27:00",0.92567,2,phkse7d39
930,16798805,"Jim Gruman","2026-09-05 20:03:36",0.92560,8,jimgruman
931,16804963,"Jonathan T","2026-09-01 19:39:46",0.92406,2,jtdataperuser
932,16810468,"Adam Martí","2026-09-03 18:48:10",0.92303,2,adammart
933,16808669,SriAliasBobby,"2026-09-06 03:31:18",0.89776,2,srialiasbobby
934,16830469,"Louis GERVILLE-REACHE","2026-09-04 13:48:48",0.88916,2,louisgerville
935,16810471,"Swayam Bhoir","2026-09-05 15:49:01",0.88581,1,swayambhoir
936,16808251,"Iftekhar ahmmed","2026-09-03 08:03:10",0.88406,4,iftekhar1ahmmed
937,16808572,"Mihnea Munteanu","2026-09-02 12:46:45",0.88361,4,mihneamunteanu
938,16798909,"Jisung woo","2026-09-02 06:00:28",0.88256,1,jisung77
939,16810083,bourbaki,"2026-09-02 16:28:42",0.88146,2,filippogiovagnini
940,16805566,"Hrishikesh Dhuri","2026-09-01 21:48:14",0.88110,1,hrishikeshdhuri19
941,16799381,"Paras Gaur","2026-09-01 18:29:51",0.87908,2,animeguylrn
942,16822411,"half sugerrr","2026-09-05 16:20:08",0.87626,8,halfsugerrr
943,16843648,"Christopher Mungiria","2026-09-06 16:27:45",0.87550,1,christophermungiria
944,16811633,"Wai Mai Lydia Tsang","2026-09-06 04:24:54",0.87471,5,waimailydiatsang
945,16807146,"Amir Sohail","2026-09-06 12:01:57",0.87079,4,amirsohail122
946,16811236,BlazeAdapt,"2026-09-03 00:23:56",0.86632,1,blazeadapt
947,16819628,"Rohit kumar211987","2026-09-04 08:10:34",0.86563,3,rohitkumar211987
948,16803065,"Gauttam Jangir","2026-09-06 09:06:46",0.85345,12,gauttamjangir
949,16817337,"Dharmik patel Patel","2026-09-06 10:59:03",0.84256,4,dharmikpatelpatel
950,16799521,"Süleyman Yılmaz","2026-09-02 10:27:19",0.82334,3,slymnylmz
951,16799269,"Abdulhay Yassir","2026-09-05 14:56:08",0.81572,1,abdulhayyassir
952,16798985,"Heath Dingus","2026-09-01 04:21:21",0.80913,10,heathdingus
953,16823792,"Rohit Wayal","2026-09-05 21:35:48",0.80811,1,rohitwayal12
954,16822993,"Cuschevici Climent","2026-09-04 13:24:51",0.80735,1,cuschevicicliment
955,16839764,"P.Lakshmi Sainath Reddy","2026-09-05 13:45:54",0.80664,1,plakshmisainathreddy
956,16823527,"Michał Pasiowiec","2026-09-03 21:33:20",0.80551,1,michapasiowiec
957,16805441,"Beyza Durdu","2026-09-02 17:57:22",0.80490,1,beyzadurduu
958,16840492,YMOM249,"2026-09-06 12:29:02",0.80424,1,kaggle5kaggle
959,16842129,"Sakib Alam Jisan","2026-09-06 05:38:38",0.80312,1,sakibalamjisan
960,16799356,"Vincentius Leonanda Prabowo","2026-09-06 07:21:27",0.80043,3,vincentius1013
961,16819926,"Sharon.n Gichira","2026-09-05 18:57:06",0.77773,3,sharonngichira
962,16802339,Yashika202006,"2026-09-01 16:23:56",0.74236,1,yashika202006
963,16832454,M1nhPh4m,"2026-09-04 18:19:44",0.67459,1,m1nhph4m
964,16827674,"Shaikh Mohammad Hasnat ","2026-09-04 11:42:33",0.58749,1,shaikhmohammadhasnat
965,16831248,Kyon,"2026-09-04 15:28:48",0.55058,2,kyazaki
966,16798650,parkjuuyeong,"2026-09-01 00:31:02",0.50000,1,parkjuuyeong
967,16800096,"BALAJI VARA PRASAD DEGA","2026-09-01 09:08:37",0.50000,1,balajivaraprasad
968,16802594,"Sahir Maharaj","2026-09-06 12:00:05",0.50000,6,sahirmaharajj
969,16805611,"David Blandón","2026-09-01 22:14:41",0.50000,1,dacxj0
970,16841153,"Test Team","2026-09-05 19:36:24",0.50000,1,"emilygrace1431998,mdabdullahalafif"
971,16841442,"Eng Ali Mutahhar","2026-09-05 21:52:31",0.50000,1,aliree
972,16841573,"Mohammed alnzary","2026-09-05 23:45:25",0.50000,2,mohammedalnzary
973,16841692,TommyMSCS,"2026-09-06 02:14:50",0.50000,1,tommymscs
974,16833151,"Vikas Seth","2026-09-06 15:46:34",0.50000,1,vikassethv
